Student ID,First Name,Last Name,Gender,National ID,Phone Number
ST1,John1,Doe1,F,123456001,123456001
ST2,John2,Doe2,M,123456002,123456002
ST3,John3,Doe3,F,123456003,123456003
ST4,John4,Doe4,M,123456004,123456004
ST5,John5,Doe5,F,123456005,123456005
ST6,John6,Doe6,M,123456006,123456006
ST7,John7,Doe7,F,123456007,123456007
ST8,John8,Doe8,M,123456008,123456008
ST9,John9,Doe9,F,123456009,123456009
ST10,John10,Doe10,M,123456010,123456010
ST11,John11,Doe11,F,123456011,123456011
ST12,John12,Doe12,M,123456012,123456012
ST13,John13,Doe13,F,123456013,123456013
ST14,John14,Doe14,M,123456014,123456014
ST15,John15,Doe15,F,123456015,123456015
ST16,John16,Doe16,M,123456016,123456016
ST17,John17,Doe17,F,123456017,123456017
ST18,John18,Doe18,M,123456018,123456018
ST19,John19,Doe19,F,123456019,123456019
ST20,John20,Doe20,M,123456020,123456020
ST21,John21,Doe21,F,123456021,123456021
ST22,John22,Doe22,M,123456022,123456022
ST23,John23,Doe23,F,123456023,123456023
ST24,John24,Doe24,M,123456024,123456024
ST25,John25,Doe25,F,123456025,123456025
ST26,John26,Doe26,M,123456026,123456026
ST27,John27,Doe27,F,123456027,123456027
ST28,John28,Doe28,M,123456028,123456028
ST29,John29,Doe29,F,123456029,123456029
ST30,John30,Doe30,M,123456030,123456030
ST31,John31,Doe31,F,123456031,123456031
ST32,John32,Doe32,M,123456032,123456032
ST33,John33,Doe33,F,123456033,123456033
ST34,John34,Doe34,M,123456034,123456034
ST35,John35,Doe35,F,123456035,123456035
ST36,John36,Doe36,M,123456036,123456036
ST37,John37,Doe37,F,123456037,123456037
ST38,John38,Doe38,M,123456038,123456038
ST39,John39,Doe39,F,123456039,123456039
ST40,John40,Doe40,M,123456040,123456040
ST41,John41,Doe41,F,123456041,123456041
ST42,John42,Doe42,M,123456042,123456042
ST43,John43,Doe43,F,123456043,123456043
ST44,John44,Doe44,M,123456044,123456044
ST45,John45,Doe45,F,123456045,123456045
ST46,John46,Doe46,M,123456046,123456046
ST47,John47,Doe47,F,123456047,123456047
ST48,John48,Doe48,M,123456048,123456048
ST49,John49,Doe49,F,123456049,123456049
ST50,John50,Doe50,M,123456050,123456050
ST51,John51,Doe51,F,123456051,123456051
ST52,John52,Doe52,M,123456052,123456052
ST53,John53,Doe53,F,123456053,123456053
ST54,John54,Doe54,M,123456054,123456054
ST55,John55,Doe55,F,123456055,123456055
ST56,John56,Doe56,M,123456056,123456056
ST57,John57,Doe57,F,123456057,123456057
ST58,John58,Doe58,M,123456058,123456058
ST59,John59,Doe59,F,123456059,123456059
ST60,John60,Doe60,M,123456060,123456060
ST61,John61,Doe61,F,123456061,123456061
ST62,John62,Doe62,M,123456062,123456062
ST63,John63,Doe63,F,123456063,123456063
ST64,John64,Doe64,M,123456064,123456064
ST65,John65,Doe65,F,123456065,123456065
ST66,John66,Doe66,M,123456066,123456066
ST67,John67,Doe67,F,123456067,123456067
ST68,John68,Doe68,M,123456068,123456068
ST69,John69,Doe69,F,123456069,123456069
ST70,John70,Doe70,M,123456070,123456070
ST71,John71,Doe71,F,123456071,123456071
ST72,John72,Doe72,M,123456072,123456072
ST73,John73,Doe73,F,123456073,123456073
ST74,John74,Doe74,M,123456074,123456074
ST75,John75,Doe75,F,123456075,123456075
ST76,John76,Doe76,M,123456076,123456076
ST77,John77,Doe77,F,123456077,123456077
ST78,John78,Doe78,M,123456078,123456078
ST79,John79,Doe79,F,123456079,123456079
ST80,John80,Doe80,M,123456080,123456080
ST81,John81,Doe81,F,123456081,123456081
ST82,John82,Doe82,M,123456082,123456082
ST83,John83,Doe83,F,123456083,123456083
ST84,John84,Doe84,M,123456084,123456084
ST85,John85,Doe85,F,123456085,123456085
ST86,John86,Doe86,M,123456086,123456086
ST87,John87,Doe87,F,123456087,123456087
ST88,John88,Doe88,M,123456088,123456088
ST89,John89,Doe89,F,123456089,123456089
ST90,John90,Doe90,M,123456090,123456090
ST91,John91,Doe91,F,123456091,123456091
ST92,John92,Doe92,M,123456092,123456092
ST93,John93,Doe93,F,123456093,123456093
ST94,John94,Doe94,M,123456094,123456094
ST95,John95,Doe95,F,123456095,123456095
ST96,John96,Doe96,M,123456096,123456096
ST97,John97,Doe97,F,123456097,123456097
ST98,John98,Doe98,M,123456098,123456098
ST99,John99,Doe99,F,123456099,123456099
ST100,John100,Doe100,M,123456100,123456100
ST101,John101,Doe101,F,123456101,123456101
ST102,John102,Doe102,M,123456102,123456102
ST103,John103,Doe103,F,123456103,123456103
ST104,John104,Doe104,M,123456104,123456104
ST105,John105,Doe105,F,123456105,123456105
ST106,John106,Doe106,M,123456106,123456106
ST107,John107,Doe107,F,123456107,123456107
ST108,John108,Doe108,M,123456108,123456108
ST109,John109,Doe109,F,123456109,123456109
ST110,John110,Doe110,M,123456110,123456110
ST111,John111,Doe111,F,123456111,123456111
ST112,John112,Doe112,M,123456112,123456112
ST113,John113,Doe113,F,123456113,123456113
ST114,John114,Doe114,M,123456114,123456114
ST115,John115,Doe115,F,123456115,123456115
ST116,John116,Doe116,M,123456116,123456116
ST117,John117,Doe117,F,123456117,123456117
ST118,John118,Doe118,M,123456118,123456118
ST119,John119,Doe119,F,123456119,123456119
ST120,John120,Doe120,M,123456120,123456120
ST121,John121,Doe121,F,123456121,123456121
ST122,John122,Doe122,M,123456122,123456122
ST123,John123,Doe123,F,123456123,123456123
ST124,John124,Doe124,M,123456124,123456124
ST125,John125,Doe125,F,123456125,123456125
ST126,John126,Doe126,M,123456126,123456126
ST127,John127,Doe127,F,123456127,123456127
ST128,John128,Doe128,M,123456128,123456128
ST129,John129,Doe129,F,123456129,123456129
ST130,John130,Doe130,M,123456130,123456130
ST131,John131,Doe131,F,123456131,123456131
ST132,John132,Doe132,M,123456132,123456132
ST133,John133,Doe133,F,123456133,123456133
ST134,John134,Doe134,M,123456134,123456134
ST135,John135,Doe135,F,123456135,123456135
ST136,John136,Doe136,M,123456136,123456136
ST137,John137,Doe137,F,123456137,123456137
ST138,John138,Doe138,M,123456138,123456138
ST139,John139,Doe139,F,123456139,123456139
ST140,John140,Doe140,M,123456140,123456140
ST141,John141,Doe141,F,123456141,123456141
ST142,John142,Doe142,M,123456142,123456142
ST143,John143,Doe143,F,123456143,123456143
ST144,John144,Doe144,M,123456144,123456144
ST145,John145,Doe145,F,123456145,123456145
ST146,John146,Doe146,M,123456146,123456146
ST147,John147,Doe147,F,123456147,123456147
ST148,John148,Doe148,M,123456148,123456148
ST149,John149,Doe149,F,123456149,123456149
ST150,John150,Doe150,M,123456150,123456150
ST151,John151,Doe151,F,123456151,123456151
ST152,John152,Doe152,M,123456152,123456152
ST153,John153,Doe153,F,123456153,123456153
ST154,John154,Doe154,M,123456154,123456154
ST155,John155,Doe155,F,123456155,123456155
ST156,John156,Doe156,M,123456156,123456156
ST157,John157,Doe157,F,123456157,123456157
ST158,John158,Doe158,M,123456158,123456158
ST159,John159,Doe159,F,123456159,123456159
ST160,John160,Doe160,M,123456160,123456160
ST161,John161,Doe161,F,123456161,123456161
ST162,John162,Doe162,M,123456162,123456162
ST163,John163,Doe163,F,123456163,123456163
ST164,John164,Doe164,M,123456164,123456164
ST165,John165,Doe165,F,123456165,123456165
ST166,John166,Doe166,M,123456166,123456166
ST167,John167,Doe167,F,123456167,123456167
ST168,John168,Doe168,M,123456168,123456168
ST169,John169,Doe169,F,123456169,123456169
ST170,John170,Doe170,M,123456170,123456170
ST171,John171,Doe171,F,123456171,123456171
ST172,John172,Doe172,M,123456172,123456172
ST173,John173,Doe173,F,123456173,123456173
ST174,John174,Doe174,M,123456174,123456174
ST175,John175,Doe175,F,123456175,123456175
ST176,John176,Doe176,M,123456176,123456176
ST177,John177,Doe177,F,123456177,123456177
ST178,John178,Doe178,M,123456178,123456178
ST179,John179,Doe179,F,123456179,123456179
ST180,John180,Doe180,M,123456180,123456180
ST181,John181,Doe181,F,123456181,123456181
ST182,John182,Doe182,M,123456182,123456182
ST183,John183,Doe183,F,123456183,123456183
ST184,John184,Doe184,M,123456184,123456184
ST185,John185,Doe185,F,123456185,123456185
ST186,John186,Doe186,M,123456186,123456186
ST187,John187,Doe187,F,123456187,123456187
ST188,John188,Doe188,M,123456188,123456188
ST189,John189,Doe189,F,123456189,123456189
ST190,John190,Doe190,M,123456190,123456190
ST191,John191,Doe191,F,123456191,123456191
ST192,John192,Doe192,M,123456192,123456192
ST193,John193,Doe193,F,123456193,123456193
ST194,John194,Doe194,M,123456194,123456194
ST195,John195,Doe195,F,123456195,123456195
ST196,John196,Doe196,M,123456196,123456196
ST197,John197,Doe197,F,123456197,123456197
ST198,John198,Doe198,M,123456198,123456198
ST199,John199,Doe199,F,123456199,123456199
ST200,John200,Doe200,M,123456200,123456200
ST201,John201,Doe201,F,123456201,123456201
ST202,John202,Doe202,M,123456202,123456202
ST203,John203,Doe203,F,123456203,123456203
ST204,John204,Doe204,M,123456204,123456204
ST205,John205,Doe205,F,123456205,123456205
ST206,John206,Doe206,M,123456206,123456206
ST207,John207,Doe207,F,123456207,123456207
ST208,John208,Doe208,M,123456208,123456208
ST209,John209,Doe209,F,123456209,123456209
ST210,John210,Doe210,M,123456210,123456210
ST211,John211,Doe211,F,123456211,123456211
ST212,John212,Doe212,M,123456212,123456212
ST213,John213,Doe213,F,123456213,123456213
ST214,John214,Doe214,M,123456214,123456214
ST215,John215,Doe215,F,123456215,123456215
ST216,John216,Doe216,M,123456216,123456216
ST217,John217,Doe217,F,123456217,123456217
ST218,John218,Doe218,M,123456218,123456218
ST219,John219,Doe219,F,123456219,123456219
ST220,John220,Doe220,M,123456220,123456220
ST221,John221,Doe221,F,123456221,123456221
ST222,John222,Doe222,M,123456222,123456222
ST223,John223,Doe223,F,123456223,123456223
ST224,John224,Doe224,M,123456224,123456224
ST225,John225,Doe225,F,123456225,123456225
ST226,John226,Doe226,M,123456226,123456226
ST227,John227,Doe227,F,123456227,123456227
ST228,John228,Doe228,M,123456228,123456228
ST229,John229,Doe229,F,123456229,123456229
ST230,John230,Doe230,M,123456230,123456230
ST231,John231,Doe231,F,123456231,123456231
ST232,John232,Doe232,M,123456232,123456232
ST233,John233,Doe233,F,123456233,123456233
ST234,John234,Doe234,M,123456234,123456234
ST235,John235,Doe235,F,123456235,123456235
ST236,John236,Doe236,M,123456236,123456236
ST237,John237,Doe237,F,123456237,123456237
ST238,John238,Doe238,M,123456238,123456238
ST239,John239,Doe239,F,123456239,123456239
ST240,John240,Doe240,M,123456240,123456240
ST241,John241,Doe241,F,123456241,123456241
ST242,John242,Doe242,M,123456242,123456242
ST243,John243,Doe243,F,123456243,123456243
ST244,John244,Doe244,M,123456244,123456244
ST245,John245,Doe245,F,123456245,123456245
ST246,John246,Doe246,M,123456246,123456246
ST247,John247,Doe247,F,123456247,123456247
ST248,John248,Doe248,M,123456248,123456248
ST249,John249,Doe249,F,123456249,123456249
ST250,John250,Doe250,M,123456250,123456250
ST251,John251,Doe251,F,123456251,123456251
ST252,John252,Doe252,M,123456252,123456252
ST253,John253,Doe253,F,123456253,123456253
ST254,John254,Doe254,M,123456254,123456254
ST255,John255,Doe255,F,123456255,123456255
ST256,John256,Doe256,M,123456256,123456256
ST257,John257,Doe257,F,123456257,123456257
ST258,John258,Doe258,M,123456258,123456258
ST259,John259,Doe259,F,123456259,123456259
ST260,John260,Doe260,M,123456260,123456260
ST261,John261,Doe261,F,123456261,123456261
ST262,John262,Doe262,M,123456262,123456262
ST263,John263,Doe263,F,123456263,123456263
ST264,John264,Doe264,M,123456264,123456264
ST265,John265,Doe265,F,123456265,123456265
ST266,John266,Doe266,M,123456266,123456266
ST267,John267,Doe267,F,123456267,123456267
ST268,John268,Doe268,M,123456268,123456268
ST269,John269,Doe269,F,123456269,123456269
ST270,John270,Doe270,M,123456270,123456270
ST271,John271,Doe271,F,123456271,123456271
ST272,John272,Doe272,M,123456272,123456272
ST273,John273,Doe273,F,123456273,123456273
ST274,John274,Doe274,M,123456274,123456274
ST275,John275,Doe275,F,123456275,123456275
ST276,John276,Doe276,M,123456276,123456276
ST277,John277,Doe277,F,123456277,123456277
ST278,John278,Doe278,M,123456278,123456278
ST279,John279,Doe279,F,123456279,123456279
ST280,John280,Doe280,M,123456280,123456280
ST281,John281,Doe281,F,123456281,123456281
ST282,John282,Doe282,M,123456282,123456282
ST283,John283,Doe283,F,123456283,123456283
ST284,John284,Doe284,M,123456284,123456284
ST285,John285,Doe285,F,123456285,123456285
ST286,John286,Doe286,M,123456286,123456286
ST287,John287,Doe287,F,123456287,123456287
ST288,John288,Doe288,M,123456288,123456288
ST289,John289,Doe289,F,123456289,123456289
ST290,John290,Doe290,M,123456290,123456290
ST291,John291,Doe291,F,123456291,123456291
ST292,John292,Doe292,M,123456292,123456292
ST293,John293,Doe293,F,123456293,123456293
ST294,John294,Doe294,M,123456294,123456294
ST295,John295,Doe295,F,123456295,123456295
ST296,John296,Doe296,M,123456296,123456296
ST297,John297,Doe297,F,123456297,123456297
ST298,John298,Doe298,M,123456298,123456298
ST299,John299,Doe299,F,123456299,123456299
ST300,John300,Doe300,M,123456300,123456300
ST301,John301,Doe301,F,123456301,123456301
ST302,John302,Doe302,M,123456302,123456302
ST303,John303,Doe303,F,123456303,123456303
ST304,John304,Doe304,M,123456304,123456304
ST305,John305,Doe305,F,123456305,123456305
ST306,John306,Doe306,M,123456306,123456306
ST307,John307,Doe307,F,123456307,123456307
ST308,John308,Doe308,M,123456308,123456308
ST309,John309,Doe309,F,123456309,123456309
ST310,John310,Doe310,M,123456310,123456310
ST311,John311,Doe311,F,123456311,123456311
ST312,John312,Doe312,M,123456312,123456312
ST313,John313,Doe313,F,123456313,123456313
ST314,John314,Doe314,M,123456314,123456314
ST315,John315,Doe315,F,123456315,123456315
ST316,John316,Doe316,M,123456316,123456316
ST317,John317,Doe317,F,123456317,123456317
ST318,John318,Doe318,M,123456318,123456318
ST319,John319,Doe319,F,123456319,123456319
ST320,John320,Doe320,M,123456320,123456320
ST321,John321,Doe321,F,123456321,123456321
ST322,John322,Doe322,M,123456322,123456322
ST323,John323,Doe323,F,123456323,123456323
ST324,John324,Doe324,M,123456324,123456324
ST325,John325,Doe325,F,123456325,123456325
ST326,John326,Doe326,M,123456326,123456326
ST327,John327,Doe327,F,123456327,123456327
ST328,John328,Doe328,M,123456328,123456328
ST329,John329,Doe329,F,123456329,123456329
ST330,John330,Doe330,M,123456330,123456330
ST331,John331,Doe331,F,123456331,123456331
ST332,John332,Doe332,M,123456332,123456332
ST333,John333,Doe333,F,123456333,123456333
ST334,John334,Doe334,M,123456334,123456334
ST335,John335,Doe335,F,123456335,123456335
ST336,John336,Doe336,M,123456336,123456336
ST337,John337,Doe337,F,123456337,123456337
ST338,John338,Doe338,M,123456338,123456338
ST339,John339,Doe339,F,123456339,123456339
ST340,John340,Doe340,M,123456340,123456340
ST341,John341,Doe341,F,123456341,123456341
ST342,John342,Doe342,M,123456342,123456342
ST343,John343,Doe343,F,123456343,123456343
ST344,John344,Doe344,M,123456344,123456344
ST345,John345,Doe345,F,123456345,123456345
ST346,John346,Doe346,M,123456346,123456346
ST347,John347,Doe347,F,123456347,123456347
ST348,John348,Doe348,M,123456348,123456348
ST349,John349,Doe349,F,123456349,123456349
ST350,John350,Doe350,M,123456350,123456350
ST351,John351,Doe351,F,123456351,123456351
ST352,John352,Doe352,M,123456352,123456352
ST353,John353,Doe353,F,123456353,123456353
ST354,John354,Doe354,M,123456354,123456354
ST355,John355,Doe355,F,123456355,123456355
ST356,John356,Doe356,M,123456356,123456356
ST357,John357,Doe357,F,123456357,123456357
ST358,John358,Doe358,M,123456358,123456358
ST359,John359,Doe359,F,123456359,123456359
ST360,John360,Doe360,M,123456360,123456360
ST361,John361,Doe361,F,123456361,123456361
ST362,John362,Doe362,M,123456362,123456362
ST363,John363,Doe363,F,123456363,123456363
ST364,John364,Doe364,M,123456364,123456364
ST365,John365,Doe365,F,123456365,123456365
ST366,John366,Doe366,M,123456366,123456366
ST367,John367,Doe367,F,123456367,123456367
ST368,John368,Doe368,M,123456368,123456368
ST369,John369,Doe369,F,123456369,123456369
ST370,John370,Doe370,M,123456370,123456370
ST371,John371,Doe371,F,123456371,123456371
ST372,John372,Doe372,M,123456372,123456372
ST373,John373,Doe373,F,123456373,123456373
ST374,John374,Doe374,M,123456374,123456374
ST375,John375,Doe375,F,123456375,123456375
ST376,John376,Doe376,M,123456376,123456376
ST377,John377,Doe377,F,123456377,123456377
ST378,John378,Doe378,M,123456378,123456378
ST379,John379,Doe379,F,123456379,123456379
ST380,John380,Doe380,M,123456380,123456380
ST381,John381,Doe381,F,123456381,123456381
ST382,John382,Doe382,M,123456382,123456382
ST383,John383,Doe383,F,123456383,123456383
ST384,John384,Doe384,M,123456384,123456384
ST385,John385,Doe385,F,123456385,123456385
ST386,John386,Doe386,M,123456386,123456386
ST387,John387,Doe387,F,123456387,123456387
ST388,John388,Doe388,M,123456388,123456388
ST389,John389,Doe389,F,123456389,123456389
ST390,John390,Doe390,M,123456390,123456390
ST391,John391,Doe391,F,123456391,123456391
ST392,John392,Doe392,M,123456392,123456392
ST393,John393,Doe393,F,123456393,123456393
ST394,John394,Doe394,M,123456394,123456394
ST395,John395,Doe395,F,123456395,123456395
ST396,John396,Doe396,M,123456396,123456396
ST397,John397,Doe397,F,123456397,123456397
ST398,John398,Doe398,M,123456398,123456398
ST399,John399,Doe399,F,123456399,123456399
ST400,John400,Doe400,M,123456400,123456400
ST401,John401,Doe401,F,123456401,123456401
ST402,John402,Doe402,M,123456402,123456402
ST403,John403,Doe403,F,123456403,123456403
ST404,John404,Doe404,M,123456404,123456404
ST405,John405,Doe405,F,123456405,123456405
ST406,John406,Doe406,M,123456406,123456406
ST407,John407,Doe407,F,123456407,123456407
ST408,John408,Doe408,M,123456408,123456408
ST409,John409,Doe409,F,123456409,123456409
ST410,John410,Doe410,M,123456410,123456410
ST411,John411,Doe411,F,123456411,123456411
ST412,John412,Doe412,M,123456412,123456412
ST413,John413,Doe413,F,123456413,123456413
ST414,John414,Doe414,M,123456414,123456414
ST415,John415,Doe415,F,123456415,123456415
ST416,John416,Doe416,M,123456416,123456416
ST417,John417,Doe417,F,123456417,123456417
ST418,John418,Doe418,M,123456418,123456418
ST419,John419,Doe419,F,123456419,123456419
ST420,John420,Doe420,M,123456420,123456420
ST421,John421,Doe421,F,123456421,123456421
ST422,John422,Doe422,M,123456422,123456422
ST423,John423,Doe423,F,123456423,123456423
ST424,John424,Doe424,M,123456424,123456424
ST425,John425,Doe425,F,123456425,123456425
ST426,John426,Doe426,M,123456426,123456426
ST427,John427,Doe427,F,123456427,123456427
ST428,John428,Doe428,M,123456428,123456428
ST429,John429,Doe429,F,123456429,123456429
ST430,John430,Doe430,M,123456430,123456430
ST431,John431,Doe431,F,123456431,123456431
ST432,John432,Doe432,M,123456432,123456432
ST433,John433,Doe433,F,123456433,123456433
ST434,John434,Doe434,M,123456434,123456434
ST435,John435,Doe435,F,123456435,123456435
ST436,John436,Doe436,M,123456436,123456436
ST437,John437,Doe437,F,123456437,123456437
ST438,John438,Doe438,M,123456438,123456438
ST439,John439,Doe439,F,123456439,123456439
ST440,John440,Doe440,M,123456440,123456440
ST441,John441,Doe441,F,123456441,123456441
ST442,John442,Doe442,M,123456442,123456442
ST443,John443,Doe443,F,123456443,123456443
ST444,John444,Doe444,M,123456444,123456444
ST445,John445,Doe445,F,123456445,123456445
ST446,John446,Doe446,M,123456446,123456446
ST447,John447,Doe447,F,123456447,123456447
ST448,John448,Doe448,M,123456448,123456448
ST449,John449,Doe449,F,123456449,123456449
ST450,John450,Doe450,M,123456450,123456450
ST451,John451,Doe451,F,123456451,123456451
ST452,John452,Doe452,M,123456452,123456452
ST453,John453,Doe453,F,123456453,123456453
ST454,John454,Doe454,M,123456454,123456454
ST455,John455,Doe455,F,123456455,123456455
ST456,John456,Doe456,M,123456456,123456456
ST457,John457,Doe457,F,123456457,123456457
ST458,John458,Doe458,M,123456458,123456458
ST459,John459,Doe459,F,123456459,123456459
ST460,John460,Doe460,M,123456460,123456460
ST461,John461,Doe461,F,123456461,123456461
ST462,John462,Doe462,M,123456462,123456462
ST463,John463,Doe463,F,123456463,123456463
ST464,John464,Doe464,M,123456464,123456464
ST465,John465,Doe465,F,123456465,123456465
ST466,John466,Doe466,M,123456466,123456466
ST467,John467,Doe467,F,123456467,123456467
ST468,John468,Doe468,M,123456468,123456468
ST469,John469,Doe469,F,123456469,123456469
ST470,John470,Doe470,M,123456470,123456470
ST471,John471,Doe471,F,123456471,123456471
ST472,John472,Doe472,M,123456472,123456472
ST473,John473,Doe473,F,123456473,123456473
ST474,John474,Doe474,M,123456474,123456474
ST475,John475,Doe475,F,123456475,123456475
ST476,John476,Doe476,M,123456476,123456476
ST477,John477,Doe477,F,123456477,123456477
ST478,John478,Doe478,M,123456478,123456478
ST479,John479,Doe479,F,123456479,123456479
ST480,John480,Doe480,M,123456480,123456480
ST481,John481,Doe481,F,123456481,123456481
ST482,John482,Doe482,M,123456482,123456482
ST483,John483,Doe483,F,123456483,123456483
ST484,John484,Doe484,M,123456484,123456484
ST485,John485,Doe485,F,123456485,123456485
ST486,John486,Doe486,M,123456486,123456486
ST487,John487,Doe487,F,123456487,123456487
ST488,John488,Doe488,M,123456488,123456488
ST489,John489,Doe489,F,123456489,123456489
ST490,John490,Doe490,M,123456490,123456490
ST491,John491,Doe491,F,123456491,123456491
ST492,John492,Doe492,M,123456492,123456492
ST493,John493,Doe493,F,123456493,123456493
ST494,John494,Doe494,M,123456494,123456494
ST495,John495,Doe495,F,123456495,123456495
ST496,John496,Doe496,M,123456496,123456496
ST497,John497,Doe497,F,123456497,123456497
ST498,John498,Doe498,M,123456498,123456498
ST499,John499,Doe499,F,123456499,123456499
ST500,John500,Doe500,M,123456500,123456500
